Survey ID,Privacy concern
1,Not concerned
2,Mildly concerned
3,Not concerned
4,Very concerned
5,I don't know
6,Not concerned
7,Very concerned
8,Mildly concerned
9,Mildly concerned
10,I don't know
11,Not concerned
12,Not concerned
13,Not concerned
14,Mildly concerned
15,Moderately concerned
16,Not concerned
17,Very concerned
18,Very concerned
19,Moderately concerned
20,Very concerned
21,Not concerned
22,Moderately concerned
23,Mildly concerned
24,I don't know
25,Not concerned
26,Not concerned
27,Very concerned
28,Not concerned
29,I don't know
30,I don't know
31,Very concerned
32,I don't know
33,Not concerned
34,Very concerned
35,Moderately concerned
36,Not concerned
37,Very concerned
38,Not concerned
39,Mildly concerned
40,Not concerned
41,Mildly concerned
42,Very concerned
43,Not concerned
44,Mildly concerned
45,Very concerned
46,Not concerned
47,I don't know
48,Mildly concerned
49,Very concerned
50,Mildly concerned
51,Not concerned
52,Very concerned
53,Very concerned
54,Moderately concerned
55,I don't know
56,Very concerned
57,Not concerned
58,Very concerned
59,Mildly concerned
60,Moderately concerned
61,Very concerned
62,Mildly concerned
63,Very concerned
64,Very concerned
65,Mildly concerned
66,Not concerned
67,Mildly concerned
68,Very concerned
69,Not concerned
70,Moderately concerned
71,Moderately concerned
72,Mildly concerned
73,Mildly concerned
74,Mildly concerned
75,Moderately concerned
76,Very concerned
77,Moderately concerned
78,Not concerned
79,Mildly concerned
80,Mildly concerned
81,Not concerned
82,Moderately concerned
83,Moderately concerned
84,I don't know
85,Very concerned
86,Very concerned
87,Moderately concerned
88,I don't know
89,Very concerned
90,Very concerned
91,Not concerned
92,Moderately concerned
93,Very concerned
94,Not concerned
95,Mildly concerned
96,Not concerned
97,Moderately concerned
98,Not concerned
99,Not concerned
100,Mildly concerned
101,Very concerned
102,Very concerned
103,Mildly concerned
104,Moderately concerned
105,Mildly concerned
106,Very concerned
107,Moderately concerned
108,Moderately concerned
109,Not concerned
110,Mildly concerned
111,Mildly concerned
112,Mildly concerned
113,Moderately concerned
114,I don't know
115,Very concerned
116,Very concerned
117,Very concerned
118,Very concerned
119,Not concerned
120,Not concerned
121,Mildly concerned
122,I don't know
123,Very concerned
124,Very concerned
125,I don't know
126,I don't know
127,Mildly concerned
128,Not concerned
129,Very concerned
130,Moderately concerned
131,I don't know
132,Mildly concerned
133,Not concerned
134,Not concerned
135,Mildly concerned
136,Not concerned
137,Very concerned
138,Very concerned
139,Very concerned
140,Mildly concerned
141,Not concerned
142,I don't know
143,I don't know
144,Very concerned
145,Very concerned
146,Very concerned
147,I don't know
148,Not concerned
149,I don't know
150,Not concerned
151,Moderately concerned
152,Very concerned
153,I don't know
154,Not concerned
155,Not concerned
156,Mildly concerned
157,Mildly concerned
158,Not concerned
159,Very concerned
160,I don't know
161,Moderately concerned
162,Mildly concerned
163,Mildly concerned
164,Not concerned
165,Not concerned
166,Moderately concerned
167,Mildly concerned
168,Very concerned
169,Moderately concerned
170,Very concerned
171,Moderately concerned
172,Mildly concerned
173,Not concerned
174,Very concerned
175,Mildly concerned
176,Not concerned
177,Moderately concerned
178,Very concerned
179,Not concerned
180,Moderately concerned
181,Very concerned
182,Mildly concerned
183,Moderately concerned
184,Moderately concerned
185,Mildly concerned
186,Very concerned
187,Mildly concerned
188,Moderately concerned
189,Moderately concerned
190,Moderately concerned
191,Mildly concerned
192,Very concerned
193,Mildly concerned
194,Moderately concerned
195,Not concerned
196,Mildly concerned
197,I don't know
198,Mildly concerned
199,Not concerned
200,Very concerned
201,Very concerned
202,Moderately concerned
203,Moderately concerned
204,Very concerned
205,Mildly concerned
206,Not concerned
207,Moderately concerned
208,Moderately concerned
209,Moderately concerned
210,Very concerned
211,Mildly concerned
212,Very concerned
213,Very concerned
214,Not concerned
215,Not concerned
216,Very concerned
217,Not concerned
218,Mildly concerned
219,Not concerned
220,Very concerned
221,Not concerned
222,Mildly concerned
223,Not concerned
224,Not concerned
225,Moderately concerned
226,Not concerned
227,Moderately concerned
228,Not concerned
229,Not concerned
230,Moderately concerned
231,Very concerned
232,Very concerned
233,Very concerned
234,Not concerned
235,Not concerned
236,Mildly concerned
237,Mildly concerned
238,Mildly concerned
239,Very concerned
240,Very concerned
241,Not concerned
242,Not concerned
243,Very concerned
244,Not concerned
245,Not concerned
246,I don't know
247,Not concerned
248,Mildly concerned
249,Moderately concerned
250,I don't know
251,Very concerned
252,Not concerned
253,Very concerned
254,Very concerned
255,Mildly concerned
256,Mildly concerned
257,Very concerned
258,I don't know
259,Moderately concerned
260,Not concerned
261,Not concerned
262,Very concerned
263,Very concerned
264,Not concerned
265,Very concerned
266,Very concerned
267,Very concerned
268,Moderately concerned
269,Moderately concerned
270,Not concerned
271,Not concerned
272,I don't know
273,Mildly concerned
274,Mildly concerned
275,Mildly concerned
276,Not concerned
277,Very concerned
278,Mildly concerned
279,Not concerned
280,I don't know
281,Moderately concerned
282,I don't know
283,Moderately concerned
284,Moderately concerned
285,Very concerned
286,Very concerned
287,Very concerned
288,Not concerned
289,Not concerned
290,Very concerned
291,I don't know
292,Very concerned
293,Mildly concerned
294,I don't know
295,Very concerned
296,Mildly concerned
297,Very concerned
298,Mildly concerned
299,I don't know
300,Very concerned
301,Mildly concerned
302,I don't know
303,Very concerned
304,Very concerned
305,Moderately concerned
306,Very concerned
307,Not concerned
308,Very concerned
309,Not concerned
310,Moderately concerned
311,Mildly concerned
312,Very concerned
313,Very concerned
314,Very concerned
315,Moderately concerned
316,Moderately concerned
317,Not concerned
318,Mildly concerned
319,Mildly concerned
320,Not concerned
321,Very concerned
322,Very concerned
323,Moderately concerned
324,Very concerned
325,Moderately concerned
326,Not concerned
327,Mildly concerned
328,Mildly concerned
329,Mildly concerned
330,Not concerned
331,Very concerned
332,Mildly concerned
333,Very concerned
334,I don't know
335,I don't know
336,Very concerned
337,Not concerned
338,Not concerned
339,Moderately concerned
340,Mildly concerned
341,Very concerned
342,Moderately concerned
343,Not concerned
344,Moderately concerned
345,Mildly concerned
346,Not concerned
347,Very concerned
348,Not concerned
349,Not concerned
350,Mildly concerned
351,Mildly concerned
352,I don't know
353,I don't know
354,Moderately concerned
355,Not concerned
356,Mildly concerned
357,Mildly concerned
358,Mildly concerned
359,Very concerned
360,I don't know
361,Moderately concerned
362,Not concerned
363,Mildly concerned
364,I don't know
365,Mildly concerned
366,Not concerned
367,Mildly concerned
368,Mildly concerned
369,Mildly concerned
370,I don't know
371,Moderately concerned
372,I don't know
373,Not concerned
374,Very concerned
375,Very concerned
376,Moderately concerned
377,Moderately concerned
378,I don't know
379,Moderately concerned
380,Moderately concerned
381,Mildly concerned
382,Not concerned
383,Very concerned
384,Not concerned
385,Mildly concerned
386,Moderately concerned
387,Moderately concerned
388,Mildly concerned
389,Moderately concerned
390,Not concerned
391,Mildly concerned
392,Very concerned
393,Moderately concerned
394,Not concerned
395,Not concerned
396,Not concerned
397,Not concerned
398,Mildly concerned
399,Mildly concerned
400,Very concerned
401,Moderately concerned
402,Not concerned
403,Moderately concerned
404,Mildly concerned
405,I don't know
406,Mildly concerned
407,Very concerned
408,Very concerned
409,Very concerned
410,I don't know
411,Not concerned
412,Very concerned
413,I don't know
414,Mildly concerned
415,I don't know
416,Mildly concerned
417,Mildly concerned
418,I don't know
419,Not concerned
420,Very concerned
421,Mildly concerned
422,Not concerned
423,Not concerned
424,Very concerned
425,Mildly concerned
426,Very concerned
427,Mildly concerned
428,Not concerned
429,Not concerned
430,I don't know
431,Moderately concerned
432,Very concerned
433,Mildly concerned
434,Very concerned
435,Very concerned
436,Very concerned
437,Mildly concerned
438,I don't know
439,Very concerned
440,Not concerned
441,Very concerned
442,Mildly concerned
443,I don't know
444,Very concerned
445,Moderately concerned
446,Moderately concerned
447,Mildly concerned
448,Not concerned
449,I don't know
450,Not concerned
451,Not concerned
452,Mildly concerned
453,Very concerned
454,Very concerned
455,Mildly concerned
456,I don't know
457,Very concerned
458,Not concerned
459,Not concerned
460,I don't know
461,Very concerned
462,Very concerned
463,Not concerned
464,Moderately concerned
465,Not concerned
466,Mildly concerned
467,Not concerned
468,Moderately concerned
469,Moderately concerned
470,Not concerned
471,Mildly concerned
472,Very concerned
473,Not concerned
474,Moderately concerned
475,Mildly concerned
476,Very concerned
477,I don't know
478,Very concerned
479,I don't know
480,I don't know
481,Not concerned
482,Mildly concerned
483,Mildly concerned
484,Mildly concerned
485,I don't know
486,I don't know
487,Not concerned
488,Moderately concerned
489,I don't know
490,Mildly concerned
491,Mildly concerned
492,Very concerned
493,Mildly concerned
494,Moderately concerned
495,I don't know
496,Very concerned
497,Moderately concerned
498,Mildly concerned
499,Mildly concerned
500,Very concerned
501,Not concerned
502,Not concerned
503,Not concerned
504,Not concerned
505,I don't know
506,Mildly concerned
507,Mildly concerned
508,Not concerned
509,Not concerned
510,Not concerned
511,Not concerned
512,Mildly concerned
513,Not concerned
514,I don't know
515,Not concerned
516,Very concerned
517,Moderately concerned
518,Mildly concerned
519,Very concerned
520,Very concerned
521,Moderately concerned
522,I don't know
523,Very concerned
524,Mildly concerned
525,Moderately concerned
526,Very concerned
527,Mildly concerned
528,Very concerned
529,I don't know
530,Moderately concerned
531,Very concerned
532,Mildly concerned
533,Mildly concerned
534,Very concerned
535,I don't know
536,Very concerned
537,Moderately concerned
538,Very concerned
539,Mildly concerned
540,I don't know
541,Very concerned
542,Very concerned
543,Not concerned
544,Mildly concerned
545,Very concerned
546,Not concerned
547,Mildly concerned
548,Mildly concerned
549,Moderately concerned
550,Mildly concerned
551,Very concerned
552,Moderately concerned
553,Moderately concerned
554,Not concerned
555,Very concerned
556,Moderately concerned
557,Very concerned
558,Mildly concerned
559,Mildly concerned
560,Very concerned
561,I don't know
562,Not concerned
563,Mildly concerned
564,Very concerned
565,Moderately concerned
566,Very concerned
567,Moderately concerned
568,I don't know
569,Not concerned
570,Not concerned
571,Moderately concerned
572,Very concerned
573,Mildly concerned
574,I don't know
575,Very concerned
576,I don't know
577,Very concerned
578,Moderately concerned
579,Moderately concerned
580,Moderately concerned
581,Not concerned
582,Not concerned
583,Mildly concerned
584,Very concerned
585,Very concerned
586,Moderately concerned
587,Moderately concerned
588,Not concerned
589,Moderately concerned
590,Moderately concerned
591,Mildly concerned
592,Very concerned
593,Moderately concerned
594,Very concerned
595,Not concerned
596,Very concerned
597,Moderately concerned
598,I don't know
599,Mildly concerned
600,Not concerned
601,Not concerned
602,Very concerned
603,Not concerned
604,Moderately concerned
605,Very concerned
606,Very concerned
607,Mildly concerned
608,Not concerned
609,Moderately concerned
610,Very concerned
611,Very concerned
612,Very concerned
613,Mildly concerned
614,Not concerned
615,Very concerned
616,Very concerned
617,Moderately concerned
618,Very concerned
619,Not concerned
620,Very concerned
621,Moderately concerned
622,Not concerned
623,Moderately concerned
624,Very concerned
625,Very concerned
626,I don't know
627,I don't know
628,Moderately concerned
629,Not concerned
630,Mildly concerned
631,Moderately concerned
632,Not concerned
633,I don't know
634,I don't know
635,Mildly concerned
636,Not concerned
637,Not concerned
638,Mildly concerned
639,Mildly concerned
640,Moderately concerned
641,I don't know
642,Moderately concerned
643,Mildly concerned
644,I don't know
645,Mildly concerned
646,Not concerned
647,Very concerned
648,Very concerned
649,Not concerned
650,Very concerned
651,Moderately concerned
652,Moderately concerned
653,Not concerned
654,Not concerned
655,Not concerned
656,Not concerned
657,I don't know
658,Mildly concerned
659,Not concerned
660,Very concerned
661,Mildly concerned
662,Moderately concerned
663,Mildly concerned
664,Not concerned
665,Not concerned
666,Mildly concerned
667,Moderately concerned
668,Not concerned
669,Mildly concerned
670,Moderately concerned
671,Very concerned
672,Not concerned
673,Not concerned
674,I don't know
675,Not concerned
676,Moderately concerned
677,Not concerned
678,Mildly concerned
679,Not concerned
680,Moderately concerned
681,Moderately concerned
682,Moderately concerned
683,I don't know
684,Moderately concerned
685,Very concerned
686,Mildly concerned
687,Mildly concerned
688,I don't know
689,Moderately concerned
690,Mildly concerned
691,Not concerned
692,Mildly concerned
693,Mildly concerned
694,Very concerned
695,Mildly concerned
696,I don't know
697,Moderately concerned
698,Very concerned
699,Mildly concerned
700,Very concerned
701,Mildly concerned
702,Very concerned
703,Moderately concerned
704,Very concerned
705,Very concerned
706,Not concerned
707,Mildly concerned
708,Mildly concerned
709,I don't know
710,Not concerned
711,Moderately concerned
712,Very concerned
713,Very concerned
714,Very concerned
715,Moderately concerned
716,I don't know
717,Very concerned
718,Mildly concerned
719,Not concerned
720,Very concerned
721,Moderately concerned
722,Mildly concerned
723,Moderately concerned
724,Not concerned
725,Mildly concerned
726,Moderately concerned
727,Moderately concerned
728,Very concerned
729,I don't know
730,Very concerned
731,Mildly concerned
732,Mildly concerned
733,Not concerned
734,Very concerned
735,Not concerned
736,Mildly concerned
737,Very concerned
738,Very concerned
739,Moderately concerned
740,Not concerned
741,Mildly concerned
742,Very concerned
743,Very concerned
744,Very concerned
745,I don't know
746,Very concerned
747,Moderately concerned
748,Moderately concerned
749,Moderately concerned
750,Very concerned
751,Moderately concerned
752,Moderately concerned
753,Not concerned
754,Very concerned
755,Not concerned
756,Not concerned
757,Mildly concerned
758,I don't know
759,Very concerned
760,Very concerned
761,Not concerned
762,I don't know
763,Very concerned
764,Not concerned
765,Not concerned
766,I don't know
767,I don't know
768,Very concerned
769,Very concerned
770,Not concerned
771,Mildly concerned
772,Not concerned
773,Very concerned
774,I don't know
775,Not concerned
776,Very concerned
777,Very concerned
778,Mildly concerned
779,Mildly concerned
780,Not concerned
781,Mildly concerned
782,Moderately concerned
783,Mildly concerned
784,Moderately concerned
785,Moderately concerned
786,Mildly concerned
787,Not concerned
788,Moderately concerned
789,I don't know
790,Very concerned
791,Not concerned
792,Very concerned
793,Very concerned
794,I don't know
795,Moderately concerned
796,Moderately concerned
797,Not concerned
798,Moderately concerned
799,Very concerned
800,Mildly concerned
801,Not concerned
802,Moderately concerned
803,Mildly concerned
804,I don't know
805,Very concerned
806,Not concerned
807,Mildly concerned
808,I don't know
809,Mildly concerned
810,Moderately concerned
811,Mildly concerned
812,Moderately concerned
813,Very concerned
814,Not concerned
815,Mildly concerned
816,Not concerned
817,Not concerned
818,Mildly concerned
819,I don't know
820,Very concerned
821,Moderately concerned
822,Moderately concerned
823,Mildly concerned
824,I don't know
825,Not concerned
826,Moderately concerned
827,Very concerned
828,Very concerned
829,Very concerned
830,I don't know
831,Not concerned
832,Not concerned
833,Very concerned
834,Not concerned
835,Mildly concerned
836,Mildly concerned
837,Very concerned
838,Not concerned
839,Not concerned
840,Moderately concerned
841,Mildly concerned
842,Not concerned
843,Not concerned
844,I don't know
845,I don't know
846,Moderately concerned
847,Very concerned
848,Mildly concerned
849,I don't know
850,Not concerned
851,Mildly concerned
852,Mildly concerned
853,Moderately concerned
854,Very concerned
855,Very concerned
856,Very concerned
857,Not concerned
858,Moderately concerned
859,Moderately concerned
860,I don't know
861,Moderately concerned
862,Very concerned
863,Not concerned
864,Mildly concerned
865,Not concerned
866,Very concerned
867,Mildly concerned
868,Mildly concerned
869,Mildly concerned
870,Not concerned
871,Not concerned
872,Not concerned
873,Mildly concerned
874,Moderately concerned
875,Not concerned
876,Very concerned
877,Mildly concerned
878,I don't know
879,I don't know
880,Mildly concerned
881,Very concerned
882,Not concerned
883,Not concerned
884,Not concerned
885,I don't know
886,Moderately concerned
887,Moderately concerned
888,Very concerned
889,Not concerned
890,I don't know
891,Very concerned
892,Not concerned
893,Not concerned
894,Very concerned
895,Moderately concerned
896,I don't know
897,Very concerned
898,Very concerned
899,Moderately concerned
900,Very concerned
901,I don't know
902,Very concerned
903,Very concerned
904,I don't know
905,Moderately concerned
906,I don't know
907,Moderately concerned
908,I don't know
909,I don't know
910,Moderately concerned
911,Moderately concerned
912,Not concerned
913,I don't know
914,Very concerned
915,Mildly concerned
916,I don't know
917,Very concerned
918,I don't know
919,Not concerned
920,I don't know
921,Mildly concerned
922,Mildly concerned
923,Not concerned
924,Very concerned
925,Very concerned
926,I don't know
927,Very concerned
928,Moderately concerned
929,Not concerned
930,Mildly concerned
931,Very concerned
932,Not concerned
933,Not concerned
934,Moderately concerned
935,Not concerned
936,Mildly concerned
937,Mildly concerned
938,Not concerned
939,Mildly concerned
940,Not concerned
941,Mildly concerned
942,Very concerned
943,Very concerned
944,Very concerned
945,Not concerned
946,Not concerned
947,Mildly concerned
948,Very concerned
949,Moderately concerned
950,Very concerned
951,I don't know
952,Not concerned
953,Moderately concerned
954,I don't know
955,Very concerned
956,Not concerned
957,Moderately concerned
958,I don't know
959,I don't know
960,Mildly concerned
961,Very concerned
962,Very concerned
963,Mildly concerned
964,Mildly concerned
965,I don't know
966,Very concerned
967,Not concerned
968,Moderately concerned
969,Moderately concerned
970,Moderately concerned
971,I don't know
972,I don't know
973,Moderately concerned
974,I don't know
975,Moderately concerned
976,Moderately concerned
977,Mildly concerned
978,Moderately concerned
979,Mildly concerned
980,Not concerned
981,Not concerned
982,Not concerned
983,Moderately concerned
984,Not concerned
985,Mildly concerned
986,Very concerned
987,Very concerned
988,Very concerned
989,I don't know
990,Very concerned
991,Mildly concerned
992,Moderately concerned
993,Very concerned
994,Very concerned
995,Mildly concerned
996,Moderately concerned
997,Moderately concerned
998,Very concerned
999,Mildly concerned
1000,Moderately concerned
1001,Moderately concerned
1002,Very concerned
1003,I don't know
1004,Very concerned
1005,Not concerned
1006,Not concerned
1007,Moderately concerned
1008,Not concerned
1009,I don't know
1010,Moderately concerned
1011,Moderately concerned
1012,Very concerned
1013,Moderately concerned
1014,Very concerned
1015,Very concerned
1016,Mildly concerned
1017,I don't know
1018,Not concerned
1019,Mildly concerned
1020,Moderately concerned
1021,Very concerned
1022,I don't know
1023,Not concerned
1024,Very concerned
1025,I don't know
1026,Moderately concerned
1027,I don't know
1028,Very concerned
1029,Moderately concerned
1030,Very concerned
1031,Moderately concerned
1032,Mildly concerned
1033,Moderately concerned
1034,I don't know
1035,Moderately concerned
1036,Very concerned
1037,Moderately concerned
1038,Mildly concerned
1039,I don't know
1040,Moderately concerned
1041,Very concerned
1042,Mildly concerned
1043,Not concerned
1044,Not concerned
1045,Very concerned
1046,I don't know
1047,Moderately concerned
1048,Not concerned
1049,Moderately concerned
1050,Not concerned
1051,Very concerned
1052,Moderately concerned
1053,Not concerned
1054,Mildly concerned
1055,Very concerned
1056,Very concerned
1057,Very concerned
1058,Moderately concerned
1059,Not concerned
1060,Very concerned
1061,I don't know
1062,Very concerned
1063,Not concerned
1064,Not concerned
1065,Moderately concerned
1066,Very concerned
1067,Very concerned
1068,Not concerned
1069,Very concerned
1070,Not concerned
1071,I don't know
1072,Not concerned
1073,Very concerned
1074,Very concerned
1075,Very concerned
1076,Mildly concerned
1077,Not concerned
1078,Moderately concerned
1079,Not concerned
1080,Moderately concerned
1081,Mildly concerned
1082,I don't know
1083,Mildly concerned
1084,Moderately concerned
1085,Moderately concerned
1086,Moderately concerned
1087,Very concerned
1088,Not concerned
1089,Moderately concerned
1090,Very concerned
1091,Mildly concerned
1092,Mildly concerned
1093,Very concerned
1094,Very concerned
1095,Very concerned
1096,Mildly concerned
1097,Very concerned
1098,Not concerned
1099,Not concerned
1100,Very concerned
1101,I don't know
1102,Moderately concerned
1103,Moderately concerned
1104,Mildly concerned
1105,I don't know
1106,Moderately concerned
1107,Very concerned
1108,Not concerned
1109,Very concerned
1110,Very concerned
1111,Very concerned
1112,Moderately concerned
1113,Mildly concerned
1114,Very concerned
1115,Very concerned
1116,Very concerned
1117,Very concerned
1118,Mildly concerned
1119,Moderately concerned
1120,Not concerned
1121,Not concerned
1122,I don't know
1123,Mildly concerned
1124,Mildly concerned
1125,Moderately concerned
1126,Mildly concerned
1127,Mildly concerned
1128,Not concerned
1129,Moderately concerned
1130,Mildly concerned
1131,Not concerned
1132,Mildly concerned
1133,I don't know
1134,Very concerned
1135,I don't know
1136,I don't know
1137,Very concerned
1138,Moderately concerned
1139,I don't know
1140,Mildly concerned
1141,Very concerned
1142,Moderately concerned
1143,Very concerned
1144,Not concerned
1145,Mildly concerned
1146,Very concerned
1147,Very concerned
1148,Very concerned
1149,Very concerned
1150,Moderately concerned
1151,Not concerned
1152,Very concerned
1153,Very concerned
1154,Moderately concerned
1155,Mildly concerned
1156,Mildly concerned
1157,Mildly concerned
1158,I don't know
1159,Mildly concerned
1160,Not concerned
1161,Mildly concerned
1162,Not concerned
1163,Not concerned
1164,Mildly concerned
1165,Mildly concerned
1166,I don't know
1167,I don't know
1168,Very concerned
1169,Mildly concerned
1170,Very concerned
1171,Not concerned
1172,I don't know
1173,I don't know
1174,I don't know
1175,Moderately concerned
1176,Mildly concerned
1177,Mildly concerned
1178,Moderately concerned
1179,Not concerned
1180,Very concerned
1181,I don't know
1182,Moderately concerned
1183,Mildly concerned
1184,Mildly concerned
1185,Very concerned
1186,Not concerned
1187,Not concerned
1188,I don't know
1189,Mildly concerned
1190,Very concerned
1191,I don't know
1192,Moderately concerned
1193,Very concerned
1194,Moderately concerned
1195,Not concerned
1196,Very concerned
1197,Mildly concerned
1198,Moderately concerned
1199,I don't know
1200,Moderately concerned
1201,I don't know
1202,I don't know
1203,Not concerned
1204,Not concerned
1205,Very concerned
1206,Mildly concerned
1207,I don't know
1208,Not concerned
1209,Moderately concerned
1210,Not concerned
1211,Mildly concerned
1212,I don't know
1213,Very concerned
1214,Mildly concerned
1215,Very concerned
1216,Moderately concerned
1217,Not concerned
1218,Not concerned
1219,Very concerned
1220,Moderately concerned
1221,Very concerned
1222,Very concerned
1223,Not concerned
1224,Very concerned
1225,Moderately concerned
1226,Moderately concerned
1227,Moderately concerned
1228,Moderately concerned
1229,Not concerned
1230,Not concerned
1231,Not concerned
1232,Very concerned
1233,Moderately concerned
1234,Not concerned
1235,Very concerned
1236,Mildly concerned
1237,Moderately concerned
1238,I don't know
1239,Not concerned
1240,I don't know
1241,Mildly concerned
1242,Mildly concerned
1243,Mildly concerned
1244,Not concerned
1245,Moderately concerned
1246,Mildly concerned
1247,Moderately concerned
1248,Moderately concerned
1249,Mildly concerned
1250,Very concerned
1251,Moderately concerned
1252,Very concerned
1253,Moderately concerned
1254,Mildly concerned
1255,I don't know
1256,Very concerned
1257,Moderately concerned
1258,Not concerned
1259,Not concerned
1260,Very concerned
1261,Very concerned
1262,Mildly concerned
1263,Not concerned
1264,Mildly concerned
1265,Mildly concerned
1266,Moderately concerned
1267,Not concerned
1268,Not concerned
1269,Mildly concerned
1270,Moderately concerned
1271,I don't know
1272,Very concerned
1273,Moderately concerned
1274,Very concerned
1275,Very concerned
1276,Mildly concerned
1277,I don't know
1278,Moderately concerned
1279,Very concerned
1280,Mildly concerned
1281,Very concerned
1282,Not concerned
1283,Moderately concerned
1284,Not concerned
1285,Moderately concerned
1286,Mildly concerned
1287,I don't know
1288,Very concerned
1289,Very concerned
1290,Moderately concerned
1291,Very concerned
1292,Mildly concerned
1293,Moderately concerned
1294,Mildly concerned
1295,Mildly concerned
1296,Not concerned
1297,Mildly concerned
1298,Not concerned
1299,Moderately concerned
1300,Not concerned
1301,Mildly concerned
1302,I don't know
1303,Mildly concerned
1304,Moderately concerned
1305,Very concerned
1306,Very concerned
1307,Mildly concerned
1308,Mildly concerned
1309,I don't know
1310,Not concerned
1311,Moderately concerned
1312,Not concerned
1313,Very concerned
1314,I don't know
1315,Very concerned
1316,Very concerned
1317,Very concerned
1318,I don't know
1319,Mildly concerned
1320,Moderately concerned
1321,Moderately concerned
1322,Moderately concerned
1323,Very concerned
1324,Moderately concerned
1325,Very concerned
1326,Moderately concerned
1327,I don't know
1328,Not concerned
1329,Not concerned
1330,Mildly concerned
1331,Not concerned
1332,Mildly concerned
1333,Very concerned
1334,Moderately concerned
1335,Mildly concerned
1336,Not concerned
1337,Very concerned
1338,Moderately concerned
1339,Not concerned
1340,Not concerned
1341,Very concerned
1342,Moderately concerned
1343,Mildly concerned
1344,Very concerned
1345,Very concerned
1346,I don't know
1347,Not concerned
1348,Mildly concerned
1349,Moderately concerned
1350,Not concerned
1351,Mildly concerned
1352,Very concerned
1353,Very concerned
1354,Not concerned
1355,Moderately concerned
1356,Moderately concerned
1357,Very concerned
1358,Not concerned
1359,Mildly concerned
1360,Moderately concerned
1361,Moderately concerned
1362,Mildly concerned
1363,Mildly concerned
1364,Not concerned
1365,Not concerned
1366,Moderately concerned
1367,Very concerned
1368,Mildly concerned
1369,Not concerned
1370,Very concerned
1371,Not concerned
1372,Not concerned
1373,Very concerned
1374,Mildly concerned
1375,Moderately concerned
1376,Moderately concerned
1377,Moderately concerned
1378,Very concerned
1379,Moderately concerned
1380,Mildly concerned
1381,Not concerned
1382,Mildly concerned
1383,Mildly concerned
1384,Very concerned
1385,Not concerned
1386,Very concerned
1387,Mildly concerned
1388,Moderately concerned
1389,Mildly concerned
1390,Moderately concerned
1391,Very concerned
1392,Moderately concerned
1393,Very concerned
1394,Mildly concerned
1395,Moderately concerned
1396,I don't know
1397,Moderately concerned
1398,Not concerned
1399,Very concerned
1400,Very concerned
1401,Moderately concerned
1402,Mildly concerned
1403,I don't know
1404,Very concerned
1405,Very concerned
1406,Very concerned
1407,Very concerned
1408,Very concerned
1409,Very concerned
1410,I don't know
1411,I don't know
1412,Mildly concerned
1413,Very concerned
1414,Not concerned
1415,Moderately concerned
1416,Very concerned
1417,Not concerned
1418,Moderately concerned
1419,Very concerned
1420,Very concerned
1421,I don't know
1422,Not concerned
1423,I don't know
1424,Mildly concerned
1425,Not concerned
1426,Moderately concerned
1427,Not concerned
1428,Very concerned
1429,Not concerned
1430,Very concerned
1431,Very concerned
1432,Moderately concerned
1433,Not concerned
1434,Very concerned
1435,Mildly concerned
1436,Moderately concerned
1437,Very concerned
1438,Moderately concerned
1439,Very concerned
1440,Not concerned
1441,Mildly concerned
1442,Not concerned
1443,Moderately concerned
1444,Mildly concerned
1445,Very concerned
1446,Not concerned
1447,I don't know
1448,Not concerned
1449,Very concerned
1450,Mildly concerned
1451,Not concerned
1452,Very concerned
1453,Moderately concerned
1454,Very concerned
1455,Mildly concerned
1456,Mildly concerned
1457,Very concerned
1458,I don't know
1459,Moderately concerned
1460,Mildly concerned
1461,Not concerned
1462,Not concerned
1463,Mildly concerned
1464,Not concerned
1465,Not concerned
1466,Very concerned
1467,Moderately concerned
1468,I don't know
1469,Mildly concerned
1470,Not concerned
1471,I don't know
1472,I don't know
1473,Mildly concerned
1474,I don't know
1475,Very concerned
1476,Mildly concerned
1477,Mildly concerned
1478,Moderately concerned
1479,Not concerned
1480,Mildly concerned
1481,Moderately concerned
1482,Not concerned
1483,Not concerned
1484,I don't know
1485,Very concerned
1486,Mildly concerned
1487,Moderately concerned
1488,Not concerned
1489,Mildly concerned
1490,Mildly concerned
1491,Moderately concerned
1492,I don't know
1493,Not concerned
1494,Not concerned
1495,I don't know
1496,Moderately concerned
1497,Mildly concerned
1498,Not concerned
1499,Mildly concerned
1500,Very concerned
1501,Very concerned
1502,Not concerned
1503,Very concerned
1504,Very concerned
1505,Very concerned
1506,Not concerned
1507,Very concerned
1508,Very concerned
1509,I don't know
1510,Mildly concerned
1511,I don't know
1512,I don't know
1513,Not concerned
1514,Moderately concerned
1515,Mildly concerned
1516,Not concerned
1517,Moderately concerned
1518,Mildly concerned
1519,Mildly concerned
1520,Mildly concerned
1521,Very concerned
1522,Very concerned
1523,Mildly concerned
1524,Mildly concerned
1525,I don't know
1526,Mildly concerned
1527,Very concerned
1528,Not concerned
1529,Very concerned
1530,Not concerned
1531,Mildly concerned
1532,I don't know
1533,Moderately concerned
1534,Moderately concerned
1535,Moderately concerned
1536,Not concerned
1537,Not concerned
1538,Mildly concerned
1539,Mildly concerned
1540,I don't know
1541,Mildly concerned
1542,Very concerned
1543,Not concerned
1544,Moderately concerned
1545,I don't know
1546,Moderately concerned
1547,I don't know
1548,Moderately concerned
1549,Mildly concerned
1550,Very concerned
1551,Very concerned
1552,I don't know
1553,Moderately concerned
1554,I don't know
1555,Very concerned
1556,I don't know
1557,Very concerned
1558,Not concerned
1559,Not concerned
1560,Mildly concerned
1561,I don't know
1562,Not concerned
1563,Mildly concerned
1564,Very concerned
1565,Very concerned
1566,Mildly concerned
1567,Moderately concerned
1568,Moderately concerned
1569,Mildly concerned
1570,I don't know
1571,Very concerned
1572,Moderately concerned
1573,Not concerned
1574,Moderately concerned
1575,Mildly concerned
1576,Mildly concerned
1577,Very concerned
1578,Very concerned
1579,Mildly concerned
1580,I don't know
1581,I don't know
1582,Mildly concerned
1583,Very concerned
1584,Very concerned
1585,Mildly concerned
1586,Moderately concerned
1587,Mildly concerned
1588,Very concerned
1589,I don't know
1590,Mildly concerned
1591,Not concerned
1592,I don't know
1593,Very concerned
1594,Moderately concerned
1595,Very concerned
1596,Not concerned
1597,Very concerned
1598,Moderately concerned
1599,Mildly concerned
1600,Moderately concerned
1601,Not concerned
1602,Moderately concerned
1603,Moderately concerned
1604,Mildly concerned
1605,I don't know
1606,Not concerned
1607,Mildly concerned
1608,I don't know
1609,Moderately concerned
1610,Mildly concerned
1611,Not concerned
1612,I don't know
1613,Not concerned
1614,Not concerned
1615,Very concerned
1616,Mildly concerned
1617,Very concerned
1618,I don't know
1619,Moderately concerned
1620,Mildly concerned
1621,Not concerned
1622,Moderately concerned
1623,Mildly concerned
1624,Moderately concerned
1625,Moderately concerned
1626,Moderately concerned
1627,Very concerned
1628,Mildly concerned
1629,Not concerned
1630,Very concerned
1631,Not concerned
1632,Moderately concerned
1633,Very concerned
1634,Very concerned
1635,Moderately concerned
1636,Not concerned
1637,Moderately concerned
1638,Mildly concerned
1639,Very concerned
1640,Mildly concerned
1641,Moderately concerned
1642,Mildly concerned
1643,Moderately concerned
1644,Moderately concerned
1645,Not concerned
1646,I don't know
1647,Mildly concerned
1648,Very concerned
1649,Very concerned
1650,Moderately concerned
1651,Moderately concerned
1652,Not concerned
1653,Moderately concerned
1654,Mildly concerned
1655,Not concerned
1656,Moderately concerned
1657,Not concerned
1658,Mildly concerned
1659,Not concerned
1660,Not concerned
1661,Not concerned
1662,Moderately concerned
1663,Moderately concerned
1664,I don't know
1665,Very concerned
1666,Moderately concerned
1667,Not concerned
1668,I don't know
1669,Moderately concerned
1670,Not concerned
1671,Very concerned
1672,Mildly concerned
1673,Very concerned
1674,Not concerned
1675,Not concerned
1676,Mildly concerned
1677,Moderately concerned
1678,Very concerned
1679,Moderately concerned
1680,Very concerned
1681,Not concerned
1682,Very concerned
1683,Moderately concerned
1684,Very concerned
1685,Moderately concerned
1686,I don't know
1687,Mildly concerned
1688,I don't know
1689,Not concerned
1690,Not concerned
1691,I don't know
1692,Mildly concerned
1693,Mildly concerned
1694,Very concerned
1695,Not concerned
1696,I don't know
1697,Very concerned
1698,Not concerned
1699,Mildly concerned
1700,Very concerned
1701,I don't know
1702,Very concerned
1703,Very concerned
1704,I don't know
1705,Very concerned
1706,Mildly concerned
1707,I don't know
1708,Very concerned
1709,I don't know
1710,Very concerned
1711,Moderately concerned
1712,Very concerned
1713,Moderately concerned
1714,Moderately concerned
1715,Moderately concerned
1716,Very concerned
1717,Mildly concerned
1718,Not concerned
1719,Very concerned
1720,Not concerned
1721,Very concerned
1722,Mildly concerned
1723,Very concerned
1724,Very concerned
1725,Mildly concerned
1726,Not concerned
1727,Very concerned
1728,Not concerned
1729,Very concerned
1730,Mildly concerned
1731,Mildly concerned
1732,Not concerned
1733,Moderately concerned
1734,Mildly concerned
1735,Very concerned
1736,Not concerned
1737,Not concerned
1738,Not concerned
1739,Mildly concerned
1740,Not concerned
1741,I don't know
1742,Not concerned
1743,Not concerned
1744,Moderately concerned
1745,Very concerned
1746,Mildly concerned
1747,Mildly concerned
1748,Not concerned
1749,Moderately concerned
1750,Very concerned
1751,Moderately concerned
1752,Not concerned
1753,Not concerned
1754,Moderately concerned
1755,Mildly concerned
1756,Moderately concerned
1757,I don't know
1758,Very concerned
1759,I don't know
1760,I don't know
1761,I don't know
1762,Not concerned
1763,Very concerned
1764,Not concerned
1765,Moderately concerned
1766,I don't know
1767,Very concerned
1768,Very concerned
1769,I don't know
1770,Very concerned
1771,Moderately concerned
1772,I don't know
1773,Not concerned
1774,Mildly concerned
1775,Not concerned
1776,I don't know
1777,Moderately concerned
1778,Very concerned
1779,I don't know
1780,Mildly concerned
1781,Mildly concerned
1782,I don't know
1783,Very concerned
1784,Moderately concerned
1785,Very concerned
1786,Not concerned
1787,Moderately concerned
1788,Mildly concerned
1789,Moderately concerned
1790,Mildly concerned
1791,Mildly concerned
1792,Very concerned
1793,Very concerned
1794,Very concerned
1795,Very concerned
1796,Moderately concerned
1797,Mildly concerned
1798,Moderately concerned
1799,Not concerned
1800,Mildly concerned
1801,I don't know
1802,I don't know
1803,Mildly concerned
1804,Not concerned
1805,Very concerned
1806,Mildly concerned
1807,Very concerned
1808,Very concerned
1809,Very concerned
1810,Very concerned
1811,I don't know
1812,Not concerned
1813,Moderately concerned
1814,Moderately concerned
1815,Moderately concerned
1816,Very concerned
1817,Mildly concerned
1818,Mildly concerned
1819,Moderately concerned
1820,Very concerned
1821,Moderately concerned
1822,I don't know
1823,Very concerned
1824,Not concerned
1825,Mildly concerned
1826,Very concerned
1827,Not concerned
1828,Moderately concerned
1829,I don't know
1830,Mildly concerned
1831,Very concerned
1832,Moderately concerned
1833,Mildly concerned
1834,I don't know
1835,Moderately concerned
1836,Very concerned
1837,Not concerned
1838,Not concerned
1839,I don't know
1840,Moderately concerned
1841,Very concerned
1842,Moderately concerned
1843,Moderately concerned
1844,Very concerned
1845,I don't know
1846,Moderately concerned
1847,Moderately concerned
1848,Mildly concerned
1849,Not concerned
1850,Moderately concerned
1851,Mildly concerned
1852,Very concerned
1853,Very concerned
1854,Mildly concerned
1855,Mildly concerned
1856,Mildly concerned
1857,Not concerned
1858,Very concerned
1859,Not concerned
1860,Mildly concerned
1861,Very concerned
1862,Moderately concerned
1863,Moderately concerned
1864,I don't know
1865,Very concerned
1866,I don't know
1867,Mildly concerned
1868,Very concerned
1869,Very concerned
1870,Mildly concerned
1871,Very concerned
1872,Moderately concerned
1873,Mildly concerned
1874,I don't know
1875,Moderately concerned
1876,Not concerned
1877,I don't know
1878,Very concerned
1879,Not concerned
1880,Not concerned
1881,Mildly concerned
1882,Very concerned
1883,Very concerned
1884,Very concerned
1885,Not concerned
1886,Not concerned
1887,I don't know
1888,Very concerned
1889,Not concerned
1890,Very concerned
1891,I don't know
1892,Mildly concerned
1893,Very concerned
1894,Mildly concerned
1895,Moderately concerned
1896,Very concerned
1897,Moderately concerned
1898,Moderately concerned
1899,Mildly concerned
1900,Not concerned
1901,Mildly concerned
1902,I don't know
1903,Moderately concerned
1904,Very concerned
1905,Very concerned
1906,Not concerned
1907,Mildly concerned
1908,Moderately concerned
1909,I don't know
1910,Not concerned
1911,Moderately concerned
1912,Mildly concerned
1913,Not concerned
1914,Not concerned
1915,Moderately concerned
1916,Very concerned
1917,Very concerned
1918,Not concerned
1919,Moderately concerned
1920,Mildly concerned
1921,Moderately concerned
1922,Moderately concerned
1923,Mildly concerned
1924,Very concerned
1925,Not concerned
1926,Mildly concerned
1927,Not concerned
1928,Very concerned
1929,Not concerned
1930,Moderately concerned
1931,Very concerned
1932,Very concerned
1933,Very concerned
1934,Not concerned
1935,Not concerned
1936,Moderately concerned
1937,Not concerned
1938,Not concerned
1939,Mildly concerned
1940,I don't know
1941,Not concerned
1942,Not concerned
1943,Not concerned
1944,Very concerned
1945,I don't know
1946,Very concerned
1947,Not concerned
1948,Very concerned
1949,I don't know
1950,Mildly concerned
1951,Mildly concerned
1952,Very concerned
1953,Mildly concerned
1954,I don't know
1955,Mildly concerned
1956,Moderately concerned
1957,Very concerned
1958,Very concerned
1959,I don't know
1960,Moderately concerned
1961,Very concerned
1962,Moderately concerned
1963,Moderately concerned
1964,Moderately concerned
1965,Not concerned
1966,I don't know
1967,Mildly concerned
1968,Very concerned
1969,Very concerned
1970,Very concerned
1971,I don't know
1972,Very concerned
1973,Not concerned
1974,Very concerned
1975,Moderately concerned
1976,Not concerned
1977,Very concerned
1978,I don't know
1979,Not concerned
1980,Not concerned
1981,Not concerned
1982,I don't know
1983,Very concerned
1984,Mildly concerned
1985,Moderately concerned
1986,Mildly concerned
1987,Moderately concerned
1988,Very concerned
1989,Moderately concerned
1990,Moderately concerned
1991,Not concerned
1992,Very concerned
1993,Moderately concerned
1994,I don't know
1995,Mildly concerned
1996,Moderately concerned
1997,Mildly concerned
1998,Mildly concerned
1999,Very concerned
2000,Not concerned
2001,Mildly concerned
2002,Very concerned
2003,Moderately concerned
2004,I don't know
2005,Not concerned
2006,Very concerned
2007,Very concerned
2008,Not concerned
2009,Moderately concerned
2010,Very concerned
2011,I don't know
2012,Moderately concerned
2013,Very concerned
2014,Not concerned
2015,Very concerned
2016,Moderately concerned
2017,Moderately concerned
2018,Moderately concerned
2019,Mildly concerned
2020,Not concerned
2021,Mildly concerned
2022,Very concerned
2023,Very concerned
2024,Mildly concerned
2025,I don't know
2026,Moderately concerned
2027,Very concerned
2028,Mildly concerned
2029,Moderately concerned
2030,Not concerned
2031,Moderately concerned
2032,Very concerned
2033,I don't know
2034,Mildly concerned
2035,Very concerned
2036,Moderately concerned
2037,I don't know
2038,Mildly concerned
2039,Mildly concerned
2040,Mildly concerned
2041,Moderately concerned
2042,I don't know
2043,Mildly concerned
2044,Moderately concerned
2045,Very concerned
2046,Moderately concerned
2047,Very concerned
2048,Not concerned
2049,Very concerned
2050,Moderately concerned
2051,Not concerned
2052,Not concerned
2053,Very concerned
2054,Mildly concerned
2055,Very concerned
2056,Mildly concerned
2057,Not concerned
2058,I don't know
2059,Mildly concerned
2060,Mildly concerned
2061,Mildly concerned
2062,Not concerned
2063,Mildly concerned
2064,Very concerned
2065,Very concerned
2066,Moderately concerned
2067,I don't know
2068,Very concerned
2069,Moderately concerned
2070,Moderately concerned
2071,I don't know
2072,Not concerned
2073,Very concerned
2074,Moderately concerned
2075,Very concerned
2076,Not concerned
2077,Very concerned
2078,Very concerned
2079,Very concerned
2080,Very concerned
2081,Not concerned
2082,Not concerned
2083,Mildly concerned
2084,Mildly concerned
2085,Moderately concerned
2086,Mildly concerned
2087,I don't know
2088,Mildly concerned
2089,Very concerned
2090,Moderately concerned
2091,Not concerned
2092,Very concerned
2093,Not concerned
2094,Mildly concerned
2095,Moderately concerned
2096,I don't know
2097,Very concerned
2098,Mildly concerned
2099,Very concerned
2100,Not concerned
2101,Not concerned
2102,Very concerned
2103,Moderately concerned
2104,Not concerned
2105,Mildly concerned
2106,Moderately concerned
2107,Very concerned
2108,Very concerned
2109,Mildly concerned
2110,Very concerned
2111,Mildly concerned
2112,Moderately concerned
2113,Moderately concerned
2114,I don't know
2115,Very concerned
2116,Very concerned
2117,Moderately concerned
2118,Moderately concerned
2119,Very concerned
2120,Very concerned
2121,Mildly concerned
2122,Moderately concerned
2123,Moderately concerned
2124,Mildly concerned
2125,Not concerned
2126,Moderately concerned
2127,Very concerned
2128,Not concerned
2129,Very concerned
2130,Not concerned
2131,Mildly concerned
2132,Not concerned
2133,Not concerned
2134,I don't know
2135,Moderately concerned
2136,Not concerned
2137,Very concerned
2138,Moderately concerned
2139,I don't know
2140,Moderately concerned
2141,Not concerned
2142,Moderately concerned
2143,I don't know
2144,Not concerned
2145,Very concerned
2146,Very concerned
2147,Very concerned
2148,Mildly concerned
2149,Very concerned
2150,Very concerned
2151,Very concerned
2152,Moderately concerned
2153,Very concerned
2154,Mildly concerned
2155,Not concerned
2156,Mildly concerned
2157,Mildly concerned
2158,Very concerned
2159,I don't know
2160,Very concerned
2161,I don't know
2162,Not concerned
2163,Mildly concerned
2164,Not concerned
2165,Moderately concerned
2166,Not concerned
2167,Mildly concerned
2168,Moderately concerned
2169,I don't know
2170,Not concerned
2171,Mildly concerned
2172,Moderately concerned
2173,Moderately concerned
2174,Very concerned
2175,Moderately concerned
2176,Not concerned
2177,Very concerned
2178,Very concerned
2179,Not concerned
2180,Moderately concerned
2181,Moderately concerned
2182,Very concerned
2183,Moderately concerned
2184,Moderately concerned
2185,Moderately concerned
2186,Mildly concerned
2187,I don't know
2188,Very concerned
2189,Not concerned
2190,Very concerned
2191,Mildly concerned
2192,Not concerned
2193,Mildly concerned
2194,I don't know
2195,Moderately concerned
2196,Mildly concerned
2197,Mildly concerned
2198,Very concerned
2199,Very concerned
2200,Moderately concerned
2201,I don't know
2202,Mildly concerned
2203,Very concerned
2204,Not concerned
2205,Very concerned
2206,I don't know
2207,Mildly concerned
2208,Very concerned
2209,Moderately concerned
2210,Mildly concerned
2211,Very concerned
2212,Very concerned
2213,Mildly concerned
2214,Mildly concerned
2215,I don't know
2216,Very concerned
2217,Very concerned
2218,Very concerned
2219,Very concerned
2220,Mildly concerned
2221,Not concerned
2222,Very concerned
2223,Not concerned
2224,Mildly concerned
2225,Mildly concerned
2226,Moderately concerned
2227,Moderately concerned
2228,Very concerned
2229,I don't know
2230,Very concerned
2231,Moderately concerned
2232,I don't know
2233,Mildly concerned
2234,Not concerned
2235,Moderately concerned
2236,Very concerned
2237,Mildly concerned
2238,Moderately concerned
2239,Not concerned
2240,I don't know
2241,Very concerned
2242,Mildly concerned
2243,Mildly concerned
2244,Moderately concerned
2245,Moderately concerned
2246,Very concerned
2247,Moderately concerned
2248,Very concerned
2249,Very concerned
2250,Not concerned
2251,Moderately concerned
2252,Not concerned
2253,Very concerned
2254,Very concerned
2255,Very concerned
2256,Mildly concerned
2257,Moderately concerned
2258,Mildly concerned
2259,Very concerned
2260,Mildly concerned
2261,Very concerned
2262,Moderately concerned
2263,Not concerned
2264,Not concerned
2265,Very concerned
2266,Moderately concerned
2267,Very concerned
2268,Mildly concerned
2269,Not concerned
2270,Very concerned
2271,Not concerned
2272,I don't know
2273,Not concerned
2274,Mildly concerned
2275,Very concerned
2276,I don't know
2277,Very concerned
2278,Very concerned
2279,Very concerned
2280,Not concerned
2281,Very concerned
2282,Very concerned
2283,Mildly concerned
2284,Very concerned
2285,Very concerned
2286,Mildly concerned
2287,Not concerned
2288,Mildly concerned
2289,Not concerned
2290,Moderately concerned
2291,Very concerned
2292,Very concerned
2293,I don't know
2294,Not concerned
2295,Not concerned
2296,Not concerned
2297,Moderately concerned
2298,Mildly concerned
2299,I don't know
2300,Not concerned
2301,Not concerned
2302,Moderately concerned
2303,Mildly concerned
2304,I don't know
2305,Very concerned
2306,Very concerned
2307,Very concerned
2308,Mildly concerned
2309,Not concerned
2310,Very concerned
2311,Not concerned
2312,Moderately concerned
2313,Moderately concerned
2314,I don't know
2315,Moderately concerned
2316,Moderately concerned
2317,Moderately concerned
2318,Mildly concerned
2319,I don't know
2320,Mildly concerned
2321,Mildly concerned
2322,Not concerned
2323,Not concerned
2324,Not concerned
2325,Very concerned
2326,Very concerned
2327,Not concerned
2328,Very concerned
2329,Very concerned
2330,Mildly concerned
2331,Not concerned
2332,I don't know
2333,Very concerned
2334,Very concerned
2335,Not concerned
2336,I don't know
2337,Very concerned
2338,Mildly concerned
2339,Mildly concerned
2340,Not concerned
2341,Moderately concerned
2342,I don't know
2343,I don't know
2344,Very concerned
2345,Moderately concerned
2346,Moderately concerned
2347,Not concerned
2348,Moderately concerned
2349,Very concerned
2350,Mildly concerned
2351,I don't know
2352,Not concerned
2353,Mildly concerned
2354,Very concerned
2355,Very concerned
2356,Very concerned
2357,Not concerned
2358,Very concerned
2359,Mildly concerned
2360,Not concerned
2361,Not concerned
2362,Mildly concerned
2363,Moderately concerned
2364,Mildly concerned
2365,Moderately concerned
2366,Very concerned
2367,Very concerned
2368,I don't know
2369,Very concerned
2370,Moderately concerned
2371,Moderately concerned
2372,I don't know
2373,Mildly concerned
2374,Not concerned
2375,Very concerned
2376,Mildly concerned
2377,Very concerned
2378,Not concerned
2379,Mildly concerned
2380,Mildly concerned
2381,Moderately concerned
2382,Very concerned
2383,Very concerned
2384,Moderately concerned
2385,Very concerned
2386,Not concerned
2387,I don't know
2388,Not concerned
2389,Not concerned
2390,Not concerned
2391,Not concerned
2392,Mildly concerned
2393,Mildly concerned
2394,Not concerned
2395,Not concerned
2396,Mildly concerned
2397,Mildly concerned
2398,Moderately concerned
2399,Very concerned
2400,I don't know
2401,Moderately concerned
2402,Mildly concerned
2403,Not concerned
2404,Very concerned
2405,Not concerned
2406,Moderately concerned
2407,Mildly concerned
2408,Very concerned
2409,Very concerned
2410,Moderately concerned
2411,Not concerned
2412,I don't know
2413,Not concerned
2414,Very concerned
2415,Not concerned
2416,Very concerned
2417,Mildly concerned
2418,Very concerned
2419,Mildly concerned
2420,Mildly concerned
2421,Moderately concerned
2422,Not concerned
2423,Very concerned
2424,Not concerned
2425,Very concerned
2426,Mildly concerned
2427,Not concerned
2428,Moderately concerned
2429,Very concerned
2430,Moderately concerned
2431,Very concerned
2432,Moderately concerned
2433,Very concerned
2434,Not concerned
2435,Not concerned
2436,Moderately concerned
2437,Mildly concerned
2438,Not concerned
2439,Very concerned
2440,Very concerned
2441,Very concerned
2442,Moderately concerned
2443,Not concerned
2444,Not concerned
2445,I don't know
2446,Mildly concerned
2447,Very concerned
2448,Moderately concerned
2449,Moderately concerned
2450,Mildly concerned
2451,I don't know
2452,I don't know
2453,Not concerned
2454,Moderately concerned
2455,Moderately concerned
2456,I don't know
2457,Mildly concerned
2458,Moderately concerned
2459,Mildly concerned
2460,Very concerned
2461,Not concerned
2462,Very concerned
2463,Not concerned
2464,Moderately concerned
2465,Not concerned
2466,Mildly concerned
2467,Moderately concerned
2468,I don't know
2469,Not concerned
2470,Moderately concerned
2471,Mildly concerned
2472,Very concerned
2473,Moderately concerned
2474,I don't know
2475,Not concerned
2476,Very concerned
2477,Not concerned
2478,Very concerned
2479,Mildly concerned
2480,Moderately concerned
2481,I don't know
2482,Very concerned
2483,Very concerned
2484,Not concerned
2485,Mildly concerned
2486,Mildly concerned
2487,Mildly concerned
2488,Very concerned
2489,Moderately concerned
2490,Mildly concerned
2491,Not concerned
2492,Very concerned
2493,Not concerned
2494,Very concerned
2495,Mildly concerned
2496,Mildly concerned
2497,Not concerned
2498,Moderately concerned
2499,Very concerned
2500,Moderately concerned
2501,Mildly concerned
2502,I don't know
2503,Very concerned
2504,Not concerned
2505,Mildly concerned
2506,Very concerned
2507,Very concerned
2508,Mildly concerned
2509,I don't know
2510,Not concerned
2511,I don't know
2512,Very concerned
2513,Mildly concerned
2514,Mildly concerned
2515,I don't know
2516,Very concerned
2517,Moderately concerned
2518,Not concerned
2519,Very concerned
2520,Very concerned
2521,Moderately concerned
2522,Moderately concerned
2523,Very concerned
2524,Very concerned
2525,Not concerned
2526,Very concerned
2527,Not concerned
2528,I don't know
2529,Moderately concerned
2530,Mildly concerned
2531,Moderately concerned
2532,Moderately concerned
2533,Mildly concerned
2534,Not concerned
2535,Very concerned
2536,Mildly concerned
2537,Moderately concerned
2538,Mildly concerned
2539,I don't know
2540,Mildly concerned
2541,Moderately concerned
2542,Very concerned
2543,Very concerned
2544,Very concerned
2545,Not concerned
2546,Moderately concerned
2547,Not concerned
2548,Not concerned
2549,Mildly concerned
2550,Very concerned
2551,Moderately concerned
2552,I don't know
2553,Mildly concerned
2554,Moderately concerned
2555,Very concerned
2556,Moderately concerned
2557,Very concerned
2558,Mildly concerned
2559,Mildly concerned
2560,Mildly concerned
2561,Very concerned
2562,Mildly concerned
2563,Very concerned
2564,Not concerned
2565,Mildly concerned
2566,Not concerned
2567,Mildly concerned
2568,Not concerned
2569,Moderately concerned
2570,Mildly concerned
2571,Mildly concerned
2572,Very concerned
2573,Moderately concerned
2574,Moderately concerned
2575,Mildly concerned
2576,Mildly concerned
2577,I don't know
2578,Very concerned
2579,Not concerned
2580,Moderately concerned
2581,Very concerned
2582,Not concerned
2583,Very concerned
2584,Moderately concerned
2585,Moderately concerned
2586,Moderately concerned
2587,Very concerned
2588,Very concerned
2589,Mildly concerned
2590,I don't know
2591,Not concerned
2592,Moderately concerned
2593,Not concerned
2594,Mildly concerned
2595,Not concerned
2596,Moderately concerned
2597,Not concerned
2598,Moderately concerned
2599,Not concerned
2600,Moderately concerned
2601,Very concerned
2602,Mildly concerned
2603,Mildly concerned
2604,Very concerned
2605,I don't know
2606,Not concerned
2607,Very concerned
2608,Very concerned
2609,Mildly concerned
2610,Moderately concerned
2611,Mildly concerned
2612,Moderately concerned
2613,Mildly concerned
2614,Mildly concerned
2615,Mildly concerned
2616,Mildly concerned
2617,Mildly concerned
2618,Moderately concerned
2619,Not concerned
2620,Very concerned
2621,Moderately concerned
2622,Moderately concerned
2623,Mildly concerned
2624,Not concerned
2625,Mildly concerned
2626,Mildly concerned
2627,Not concerned
2628,Mildly concerned
2629,Very concerned
2630,Mildly concerned
2631,Very concerned
2632,Not concerned
2633,Very concerned
2634,Very concerned
2635,I don't know
2636,Very concerned
2637,Not concerned
2638,Mildly concerned
2639,Not concerned
2640,Very concerned
2641,Not concerned
2642,I don't know
2643,Mildly concerned
2644,Mildly concerned
2645,Very concerned
2646,Very concerned
2647,Very concerned
2648,Not concerned
2649,Moderately concerned
2650,Moderately concerned
2651,Mildly concerned
2652,Not concerned
2653,Very concerned
2654,I don't know
2655,Very concerned
2656,I don't know
2657,Mildly concerned
2658,Moderately concerned
2659,I don't know
2660,Very concerned
2661,Very concerned
2662,Very concerned
2663,Moderately concerned
2664,Mildly concerned
2665,Moderately concerned
2666,Not concerned
2667,Not concerned
2668,Not concerned
2669,Mildly concerned
2670,Mildly concerned
2671,Not concerned
2672,Very concerned
2673,Moderately concerned
2674,Very concerned
2675,Very concerned
2676,Not concerned
2677,Moderately concerned
2678,Very concerned
2679,Mildly concerned
2680,Very concerned
2681,Not concerned
2682,Moderately concerned
2683,Not concerned
2684,Not concerned
2685,Very concerned
2686,I don't know
2687,I don't know
2688,I don't know
2689,Not concerned
2690,Moderately concerned
2691,I don't know
2692,Mildly concerned
2693,Moderately concerned
2694,Mildly concerned
2695,Moderately concerned
2696,Mildly concerned
2697,Moderately concerned
2698,I don't know
2699,Moderately concerned
2700,Moderately concerned
2701,Not concerned
2702,Not concerned
2703,Very concerned
2704,Very concerned
2705,Mildly concerned
2706,Mildly concerned
2707,Mildly concerned
2708,Very concerned
2709,Mildly concerned
2710,Moderately concerned
2711,Moderately concerned
2712,Not concerned
2713,Moderately concerned
2714,Mildly concerned
2715,Mildly concerned
2716,Mildly concerned
2717,Not concerned
2718,I don't know
2719,Moderately concerned
2720,Mildly concerned
2721,Not concerned
2722,I don't know
2723,Very concerned
2724,Very concerned
2725,Not concerned
2726,Not concerned
2727,Mildly concerned
2728,Mildly concerned
2729,Mildly concerned
2730,Very concerned
2731,Mildly concerned
2732,Very concerned
2733,Mildly concerned
2734,Mildly concerned
2735,Not concerned
2736,Not concerned
2737,Moderately concerned
2738,Mildly concerned
2739,Not concerned
2740,Moderately concerned
2741,Very concerned
2742,I don't know
2743,Mildly concerned
2744,Not concerned
2745,Mildly concerned
2746,Very concerned
2747,Very concerned
2748,Mildly concerned
2749,Not concerned
2750,Mildly concerned
2751,Very concerned
2752,Moderately concerned
2753,Moderately concerned
2754,I don't know
2755,I don't know
2756,Not concerned
2757,Very concerned
2758,Moderately concerned
2759,I don't know
2760,Moderately concerned
2761,Not concerned
2762,Not concerned
2763,Not concerned
2764,I don't know
2765,Not concerned
2766,Mildly concerned
2767,Very concerned
2768,Mildly concerned
2769,Not concerned
2770,Very concerned
2771,Very concerned
2772,Moderately concerned
2773,Not concerned
2774,Moderately concerned
2775,Not concerned
2776,Mildly concerned
2777,Moderately concerned
2778,Very concerned
2779,Not concerned
2780,Very concerned
2781,Moderately concerned
2782,Very concerned
2783,Mildly concerned
2784,Moderately concerned
2785,Very concerned
2786,Not concerned
2787,Not concerned
2788,Mildly concerned
2789,Not concerned
2790,Moderately concerned
2791,Moderately concerned
2792,Mildly concerned
2793,Very concerned
2794,Moderately concerned
2795,Very concerned
2796,I don't know
2797,Very concerned
2798,Not concerned
2799,Moderately concerned
2800,Moderately concerned
2801,Mildly concerned
2802,Moderately concerned
2803,Very concerned
2804,Not concerned
2805,Not concerned
2806,I don't know
2807,Not concerned
2808,Very concerned
2809,Mildly concerned
2810,Mildly concerned
2811,Mildly concerned
2812,Not concerned
2813,Moderately concerned
2814,I don't know
2815,Moderately concerned
2816,Very concerned
2817,Very concerned
2818,Moderately concerned
2819,Very concerned
2820,Mildly concerned
2821,Not concerned
2822,Very concerned
2823,Very concerned
2824,Very concerned
2825,Very concerned
2826,I don't know
2827,Very concerned
2828,Mildly concerned
2829,Not concerned
2830,Moderately concerned
2831,Mildly concerned
2832,Very concerned
2833,Not concerned
2834,Not concerned
2835,Very concerned
2836,Not concerned
2837,Not concerned
2838,Mildly concerned
2839,Not concerned
2840,Not concerned
2841,Not concerned
2842,I don't know
2843,Not concerned
2844,Very concerned
2845,Moderately concerned
2846,Moderately concerned
2847,Moderately concerned
2848,Moderately concerned
2849,Not concerned
2850,Not concerned
2851,Very concerned
2852,Not concerned
2853,Mildly concerned
2854,Mildly concerned
2855,Very concerned
2856,Not concerned
2857,Very concerned
2858,Very concerned
2859,Not concerned
2860,Mildly concerned
2861,Moderately concerned
2862,Very concerned
2863,Very concerned
2864,Not concerned
2865,I don't know
2866,Not concerned
2867,Very concerned
2868,Moderately concerned
2869,Mildly concerned
2870,Moderately concerned
2871,Not concerned
2872,Very concerned
2873,Very concerned
2874,Moderately concerned
2875,Moderately concerned
2876,Very concerned
2877,Very concerned
2878,Very concerned
2879,Mildly concerned
2880,Very concerned
2881,Moderately concerned
2882,Very concerned
2883,Not concerned
2884,Mildly concerned
2885,Not concerned
2886,Moderately concerned
2887,Moderately concerned
2888,I don't know
2889,Moderately concerned
2890,Very concerned
2891,Very concerned
2892,I don't know
2893,Mildly concerned
2894,Not concerned
2895,Very concerned
2896,Moderately concerned
2897,Mildly concerned
2898,Not concerned
2899,Mildly concerned
2900,Not concerned
2901,Moderately concerned
2902,I don't know
2903,Very concerned
2904,Not concerned
2905,Very concerned
2906,I don't know
2907,Moderately concerned
2908,I don't know
2909,Mildly concerned
2910,Moderately concerned
2911,Mildly concerned
2912,Not concerned
2913,Moderately concerned
2914,I don't know
2915,Mildly concerned
2916,I don't know
2917,Mildly concerned
2918,Moderately concerned
2919,Very concerned
2920,Very concerned
2921,Mildly concerned
2922,Very concerned
2923,Very concerned
2924,Mildly concerned
2925,Not concerned
2926,Moderately concerned
2927,Not concerned
2928,Not concerned
2929,I don't know
2930,Not concerned
2931,Moderately concerned
2932,Not concerned
2933,I don't know
2934,Not concerned
2935,I don't know
2936,Very concerned
2937,Moderately concerned
2938,Mildly concerned
2939,Very concerned
2940,Not concerned
2941,Moderately concerned
2942,I don't know
2943,Moderately concerned
2944,Mildly concerned
2945,Mildly concerned
2946,Moderately concerned
2947,Moderately concerned
2948,Mildly concerned
2949,Very concerned
2950,Mildly concerned
2951,I don't know
2952,Mildly concerned
2953,Moderately concerned
2954,Moderately concerned
2955,Not concerned
2956,Moderately concerned
2957,Very concerned
2958,Moderately concerned
2959,Very concerned
2960,Moderately concerned
2961,Very concerned
2962,I don't know
2963,Not concerned
2964,Moderately concerned
2965,Very concerned
2966,Very concerned
2967,Not concerned
2968,I don't know
2969,Very concerned
2970,Mildly concerned
2971,Moderately concerned
2972,Moderately concerned
2973,Very concerned
2974,Moderately concerned
2975,Moderately concerned
2976,Moderately concerned
2977,Not concerned
2978,Moderately concerned
2979,Very concerned
2980,Not concerned
2981,Moderately concerned
2982,Very concerned
2983,Very concerned
2984,Very concerned
2985,Mildly concerned
2986,I don't know
2987,Mildly concerned
2988,Very concerned
2989,Very concerned
2990,Mildly concerned
2991,Very concerned
2992,I don't know
2993,Moderately concerned
2994,Mildly concerned
2995,Not concerned
2996,Not concerned